Titrant Volume (ml)	pH	F1
0.000000	4.165235	0.000068
0.100000	3.570407	0.000269
0.200000	3.351912	0.000446
