Sample Volume (ml)	50.329000 
Titrant normality	0.050000 
Equivalent Volume (ml)	NaN 
ANC (eq/L)	NaN 
correlation coefficient	NaN 

Titrant Volume (ml)	pH	F1
0.000000	7.499119	0.000000
1.500000	5.330582	0.000005
1.600000	5.165481	0.000007
1.700000	4.922647	0.000012
1.800000	4.516850	0.000032
1.900000	3.822558	0.000156
