Sample Volume (ml)	50.074000 
Titrant normality	0.050000 
Equivalent Volume (ml)	-0.316608 
ANC (eq/L)	-0.000316 
correlation coefficient	0.999861 

Titrant Volume (ml)	pH	F1
0.000000	3.326165	0.000472
0.100000	3.211159	0.000616
0.200000	3.115768	0.000769
