Sample Volume (ml)	50.365000 
Titrant normality	0.050000 
Equivalent Volume (ml)	0.367437 
ANC (eq/L)	0.000365 
correlation coefficient	0.999479 

Titrant Volume (ml)	pH	F1
0.000000	5.957446	0.000001
0.100000	5.814836	0.000002
0.200000	5.517990	0.000003
0.300000	5.157198	0.000007
0.400000	4.246500	0.000057
0.500000	3.600000	0.000254
0.600000	3.372278	0.000429
