Sample Volume (ml)	50.834000 
Titrant normality	0.050000 
Equivalent Volume (ml)	-0.035000 
ANC (eq/L)	-0.000034 
correlation coefficient	0.999490 

Titrant Volume (ml)	pH	F1
0.000000	4.217526	0.000061
0.100000	3.596894	0.000253
0.200000	3.372143	0.000426
