Sample Volume (ml)	50.170000 
Titrant normality	0.050000 
Equivalent Volume (ml)	-0.038271 
ANC (eq/L)	-0.000038 
correlation coefficient	0.999328 

Titrant Volume (ml)	pH	F1
0.000000	4.165235	0.000068
0.100000	3.570407	0.000269
0.200000	3.351912	0.000446
