Sample Volume (ml)	50.326000 
Titrant normality	0.050000 
Equivalent Volume (ml)	NaN 
ANC (eq/L)	NaN 
correlation coefficient	NaN 

Titrant Volume (ml)	pH	F1
0.000000	5.991996	0.000001
0.200000	5.576648	0.000003
0.300000	5.212389	0.000006
0.400000	4.331441	0.000047
0.500000	3.631740	0.000236
0.600000	3.386749	0.000415
