Sample Volume (ml)	22.935000 
Titrant normality	0.050000 
Equivalent Volume (ml)	NaN 
ANC (eq/L)	NaN 
correlation coefficient	NaN 

Titrant Volume (ml)	pH	F1
0.000000	7.241254	0.000000
0.100000	6.713364	0.000000
0.200000	6.362447	0.000000
0.300000	5.876231	0.000001
0.400000	5.355011	0.000004
0.500000	3.737655	0.000187
0.600000	3.261269	0.000562
