Sample Volume (ml)	50.216000 
Titrant normality	0.050000 
Equivalent Volume (ml)	-0.364596 
ANC (eq/L)	-0.000363 
correlation coefficient	0.998886 

Titrant Volume (ml)	pH	F1
0.000000	3.284337	0.000520
0.100000	3.171609	0.000675
0.200000	3.094980	0.000807
