Sample Volume (ml)	50.122000 
Titrant normality	0.050000 
Equivalent Volume (ml)	-0.196832 
ANC (eq/L)	-0.000196 
correlation coefficient	0.999673 

Titrant Volume (ml)	pH	F1
0.000000	5.824325	0.000001
0.251000	3.355453	0.000443
0.502000	3.148794	0.000717
0.753000	3.011980	0.000987
1.004000	2.917002	0.001235
